-- phpMyAdmin SQL Dump
-- version 5.0.4
-- https://www.phpmyadmin.net/
--
-- Host: localhost
-- Generation Time: Jan 25, 2023 at 03:31 PM
-- Server version: 5.7.37-log
-- PHP Version: 7.4.33

SET SQL_MODE = "NO_AUTO_VALUE_ON_ZERO";
START TRANSACTION;
SET time_zone = "+00:00";


/*!40101 SET @OLD_CHARACTER_SET_CLIENT=@@CHARACTER_SET_CLIENT */;
/*!40101 SET @OLD_CHARACTER_SET_RESULTS=@@CHARACTER_SET_RESULTS */;
/*!40101 SET @OLD_COLLATION_CONNECTION=@@COLLATION_CONNECTION */;
/*!40101 SET NAMES utf8mb4 */;

--
-- Database: `trisystem`
--

--
-- Dumping data for table `bpb_benang`
--

INSERT INTO `bpb_benang` (`id`, `no_bpb`, `id_supplier`, `surat_jalan`, `harga`, `pembayaran`, `status`, `created_at`, `updated_at`) VALUES
(1, '01/1/COTTON', 1, '005/BNG-JJSW/I/23', 0.000, 0.000, 'belum lunas', '2023-01-04 09:03:31', '2023-01-04 09:03:31'),
(3, '02/1/COTTON', 1, 'SJ0000021749', 0.000, 0.000, 'belum lunas', '2023-01-05 03:00:24', '2023-01-05 03:00:24'),
(4, '03/1/COTTON', 1, '020/BNG-JJSW/1/23', 0.000, 0.000, 'belum lunas', '2023-01-09 12:30:32', '2023-01-09 12:30:32'),
(5, '04/1/COTTON', 1, '019/BNG-JJSW/1/23', 0.000, 0.000, 'belum lunas', '2023-01-09 12:31:52', '2023-01-09 12:31:52'),
(6, '05/1/COTTON', 1, '021/BNG-JJSW/1/23', 0.000, 0.000, 'belum lunas', '2023-01-09 12:33:37', '2023-01-09 12:33:37'),
(7, '06/1/COTTON', 1, '015/BNG-JJSW/1/23', 0.000, 0.000, 'belum lunas', '2023-01-09 12:34:57', '2023-01-09 12:34:57'),
(8, '1/1/SAMPLE', 2, '2538', 0.000, 0.000, 'belum lunas', '2023-01-11 07:57:53', '2023-01-11 07:57:53'),
(9, '07/1/COTTON', 1, '044/BNG-JJSW/1/23', 0.000, 0.000, 'belum lunas', '2023-01-12 06:55:53', '2023-01-12 06:55:53'),
(10, '08/1/COTTON', 1, '045/BNG-JJSW/1/23', 0.000, 0.000, 'belum lunas', '2023-01-12 06:57:15', '2023-01-12 06:57:15'),
(11, '09/1/COTTON', 1, '046/BNG-JJSW/1/23', 0.000, 0.000, 'belum lunas', '2023-01-12 06:58:21', '2023-01-12 06:58:21'),
(12, '10/1/COTTON', 19, '23/JAN/YNK/P036', 0.000, 0.000, 'belum lunas', '2023-01-12 07:01:19', '2023-01-12 07:01:19'),
(13, '11/1/COTTON', 19, '23/JAN/YNK/P037', 0.000, 0.000, 'belum lunas', '2023-01-12 07:02:24', '2023-01-12 07:02:24'),
(14, '12/1/COTTON', 1, '058/BNG-JJSW/1/23', 0.000, 0.000, 'belum lunas', '2023-01-12 07:45:29', '2023-01-12 07:45:29'),
(15, '13/1/COTTON', 1, '059/BNG-JJSW/1/23', 0.000, 0.000, 'belum lunas', '2023-01-12 07:47:01', '2023-01-12 07:47:01'),
(16, '14/1/COTTON', 1, '060/BNG-JJSW/1/23', 0.000, 0.000, 'belum lunas', '2023-01-12 07:48:02', '2023-01-12 07:48:02'),
(17, '15/1/COTTON', 1, '052/BNG-JJSW/1/23', 0.000, 0.000, 'belum lunas', '2023-01-12 07:49:06', '2023-01-12 07:49:06'),
(18, '01/01/POLYESTER', 15, '023/GASD/01/23', 0.000, 0.000, 'belum lunas', '2023-01-14 06:42:05', '2023-01-14 06:42:05'),
(19, '02/1/POLYESTER', 20, 'D023010046', 0.000, 0.000, 'belum lunas', '2023-01-14 06:45:03', '2023-01-14 06:45:03'),
(20, '03/1/POLYESTER', 20, 'D023010051', 0.000, 0.000, 'belum lunas', '2023-01-14 06:45:52', '2023-01-14 06:45:52'),
(21, '16/1/COTTON', 7, 'SJ0000021818', 0.000, 0.000, 'belum lunas', '2023-01-16 02:01:02', '2023-01-16 02:01:02'),
(22, '17/1/COTTON', 7, 'SJ0000021819', 0.000, 0.000, 'belum lunas', '2023-01-16 02:02:00', '2023-01-16 02:02:00'),
(23, '18/1/COTTON', 1, '070/BNG-JJSW/1/23', 0.000, 0.000, 'belum lunas', '2023-01-16 02:03:01', '2023-01-16 02:03:01'),
(24, '19/1/COTTON', 1, '071/BNG-JJSW/1/23', 0.000, 0.000, 'belum lunas', '2023-01-16 02:03:53', '2023-01-16 02:03:53'),
(25, '20/1/COTTON', 7, 'SJ0000021814', 0.000, 0.000, 'belum lunas', '2023-01-16 02:04:45', '2023-01-16 02:04:45'),
(26, '21/1/COTTON', 1, '082/BNG-JJSW/1/23', 0.000, 0.000, 'belum lunas', '2023-01-16 02:44:46', '2023-01-16 02:44:46'),
(27, '22/1/COTTON', 1, '083/BNG-JJSW/1/23', 0.000, 0.000, 'belum lunas', '2023-01-16 02:46:01', '2023-01-16 02:46:01'),
(28, '23/1/COTTON', 1, '096/BNG-JJSW/1/23', 0.000, 0.000, 'belum lunas', '2023-01-16 03:16:04', '2023-01-16 03:16:04'),
(29, '24/1/COTTON', 1, '097/BNG-JJSW/1/23', 0.000, 0.000, 'belum lunas', '2023-01-16 03:16:59', '2023-01-16 03:16:59'),
(30, '25/1/COTTON', 1, '088/BNG-JJSW/1/23', 0.000, 0.000, 'belum lunas', '2023-01-16 03:17:53', '2023-01-16 03:17:53'),
(31, '26/1/COTTON', 1, '108/BNG-JJSW/1/23', 0.000, 0.000, 'belum lunas', '2023-01-17 06:38:03', '2023-01-17 06:38:03'),
(32, '27/1/COTTON', 1, '107/BNG-JJSW/1/23', 0.000, 0.000, 'belum lunas', '2023-01-17 06:39:03', '2023-01-17 06:39:03'),
(33, '28/1/COTTON', 3, '3110076267', 0.000, 0.000, 'belum lunas', '2023-01-18 03:56:04', '2023-01-18 03:56:04'),
(34, '29/1/COTTON', 1, '119/BNG-JJSW/1/23', 0.000, 0.000, 'belum lunas', '2023-01-18 03:57:03', '2023-01-18 03:57:03'),
(36, '30/1/COTTON', 1, '122/BNG-JJSW/1/23', 0.000, 0.000, 'belum lunas', '2023-01-18 04:02:39', '2023-01-18 04:02:39'),
(37, '04/1/POLYESTER', 20, 'D023010108', 0.000, 0.000, 'belum lunas', '2023-01-18 04:04:27', '2023-01-18 04:04:27'),
(38, '31/1/COTTON', 5, 'DMC ARZ0009486', 0.000, 0.000, 'belum lunas', '2023-01-18 04:27:39', '2023-01-18 04:27:39'),
(39, '32/1/COTTON', 2, '124/BNG/JJSM/1/23', 0.000, 0.000, 'belum lunas', '2023-01-18 04:28:48', '2023-01-18 04:28:48'),
(40, '33/1/COTTON', 1, '141/BNG-JJSW/1/23', 0.000, 0.000, 'belum lunas', '2023-01-20 04:08:58', '2023-01-20 04:08:58'),
(41, '34/1/COTTON', 1, '142/BNG-JJSW/1/23', 0.000, 0.000, 'belum lunas', '2023-01-20 04:09:53', '2023-01-20 04:09:53'),
(42, '5/1/POLYESTER', 13, '2110022632', 0.000, 0.000, 'belum lunas', '2023-01-23 03:17:20', '2023-01-23 03:17:20'),
(43, '35/1/COTTON', 1, '157/BNG-JJSW/1/23', 0.000, 0.000, 'belum lunas', '2023-01-23 03:47:04', '2023-01-23 03:47:04'),
(44, '36/1/COTTON', 1, '158/BNG-JJSW/1/23', 0.000, 0.000, 'belum lunas', '2023-01-23 03:47:56', '2023-01-23 03:47:56'),
(45, '37/1/COTTON', 1, '159/BNG-JJSW/1/23', 0.000, 0.000, 'belum lunas', '2023-01-23 03:49:00', '2023-01-23 03:49:00'),
(46, '38/1/COTTON', 1, '183/BNG-JJSW/1/23', 0.000, 0.000, 'belum lunas', '2023-01-25 07:17:31', '2023-01-25 07:17:31');

--
-- Dumping data for table `master_benang`
--

INSERT INTO `master_benang` (`id`, `id_supplier`, `tipe_benang`, `jenis_benang`, `LOT`, `BOX_KRG`, `KG`, `BALE`, `keterangan`, `created_at`, `updated_at`) VALUES
(1, 1, 'COTTON', 'CD 20', '5622', 0.00, 0.00, 0.00, 'SEMUA WARNA', '2023-01-04 07:24:38', '2023-01-04 07:24:38'),
(2, 1, 'COTTON', 'CD 20', '7822', 151.00, 4562.82, 25.15, 'SEMUA WARNA', '2023-01-04 07:29:15', '2023-01-04 07:29:15'),
(3, 1, 'COTTON', 'CD 23', '9222', 0.00, 0.00, 0.00, 'SEMUA WARNA', '2023-01-04 07:31:49', '2023-01-24 03:58:23'),
(4, 3, 'COTTON', 'CD 23', '575 EFC', 0.00, 0.00, 0.00, NULL, '2023-01-04 07:36:20', '2023-01-24 03:58:55'),
(5, 1, 'COTTON', 'PE 20', '10822', 100.00, 3035.31, 16.73, 'SEMUA WARNA', '2023-01-04 07:38:32', '2023-01-04 07:38:32'),
(6, 4, 'COTTON', 'PE 24', '082-095225', 149.00, 4505.76, 24.83, 'SEMUA WARNA', '2023-01-04 07:41:01', '2023-01-04 07:41:01'),
(7, 6, 'COTTON', 'PE 24', '1740200365', 70.00, 1587.60, 8.75, 'SEMUA WARNA', '2023-01-04 07:42:52', '2023-01-04 07:42:52'),
(8, 1, 'COTTON', 'PE 28', '10822', 129.00, 3879.99, 21.38, 'SEMUA WARNA', '2023-01-04 07:44:36', '2023-01-04 07:44:36'),
(9, 2, 'COTTON', 'PE 28', '312201', 31.00, 937.44, 5.17, 'SEMUA WARNA', '2023-01-04 07:46:25', '2023-01-04 07:46:25'),
(10, 5, 'COTTON', 'PE 28', '31622.13', 110.00, 3326.40, 18.33, 'SEMUA WARNA', '2023-01-04 07:48:33', '2023-01-04 07:48:33'),
(11, 5, 'COTTON', 'PE 30', '31621.09', 20.00, 604.80, 3.33, 'SEMUA WARNA', '2023-01-04 07:50:45', '2023-01-04 07:50:45'),
(12, 1, 'COTTON', 'PE 30', '11322', 0.00, 0.00, 0.00, 'WARNA', '2023-01-04 07:52:24', '2023-01-12 07:31:49'),
(13, 1, 'COTTON', 'TCM 20', '05 KN', 0.00, 0.00, 0.00, 'SEMUA WARNA', '2023-01-04 07:54:12', '2023-01-04 07:54:12'),
(14, 7, 'COTTON', 'TCM 20', '584 V', 0.00, 0.00, 0.00, 'SEMUA WARNA', '2023-01-04 07:56:48', '2023-01-04 07:56:48'),
(15, 1, 'COTTON', 'TCM 24', '05 KN', 40.00, 1209.60, 6.68, 'SEMUA WARNA', '2023-01-04 07:58:39', '2023-01-04 07:58:39'),
(16, 2, 'COTTON', 'TCM 28', '56-SP4', 0.00, 0.00, 0.00, 'SEMUA WARNNA', '2023-01-04 08:00:23', '2023-01-04 08:00:23'),
(17, 7, 'COTTON', 'PC 24', '784B', 32.00, 958.80, 5.29, 'SEMUA WARNA', '2023-01-04 08:02:13', '2023-01-04 08:02:13'),
(18, 8, 'COTTON', 'CVC 30', 'S5130-3790', 38.00, 1258.71, 6.94, 'SEMUA WARNA', '2023-01-04 08:04:43', '2023-01-04 08:04:43'),
(19, 9, 'COTTON', 'SPANDEX  20', '3-220501', 99.00, 2970.00, 16.38, NULL, '2023-01-04 08:07:01', '2023-01-04 08:07:01'),
(20, 9, 'COTTON', 'SPANDEX 30', '200102', 8.00, 192.00, 1.06, NULL, '2023-01-04 08:08:36', '2023-01-04 08:08:36'),
(21, 12, 'COTTON', 'PE 30', 'B 100', 8.00, 200.00, 1.10, NULL, '2023-01-04 08:11:29', '2023-01-04 08:11:29'),
(22, 10, 'COTTON', 'TC 16', '16362', 20.00, 652.80, 3.60, NULL, '2023-01-04 08:13:09', '2023-01-04 08:13:09'),
(23, 10, 'COTTON', 'TC 18', '18562', 23.00, 750.72, 4.14, NULL, '2023-01-04 08:15:21', '2023-01-04 08:15:21'),
(24, 10, 'COTTON', 'PC 30', 'SMD-30Y22', 48.00, 1566.72, 8.63, NULL, '2023-01-04 08:17:01', '2023-01-04 08:17:01'),
(25, 2, 'COTTON', 'CD 30', '45', 1.00, 12.00, 0.07, 'SAMPLE', '2023-01-04 08:18:26', '2023-01-04 08:19:24'),
(26, 1, 'COTTON', 'CM 23', '8422', 1.00, 12.00, 0.07, 'SAMPLE', '2023-01-04 08:20:53', '2023-01-04 08:20:53'),
(27, 13, 'POLYESTER', 'DTY 100/96', '4P1056100', 35.00, 1050.00, -26.63, '@30', '2023-01-04 08:24:46', '2023-01-04 08:24:46'),
(28, 14, 'POLYESTER', 'DTY 100/144', 'B2306', 105.00, 3465.00, 0.00, '@33', '2023-01-04 08:25:56', '2023-01-04 08:25:56'),
(29, 15, 'POLYESTER', 'DTY 100/144', '637529 NS', 177.00, 5143.55, 0.00, 'NON STD', '2023-01-04 08:27:32', '2023-01-04 08:27:32'),
(30, 13, 'POLYESTER', 'DTY 100/144', '4R1364100 NS', 28.00, 877.42, 0.00, 'NON STD', '2023-01-04 08:30:00', '2023-01-04 08:30:43'),
(31, 16, 'POLYESTER', 'DTY 150/144', '1514409', 47.00, 1551.00, 0.00, '@33', '2023-01-04 08:31:41', '2023-01-04 08:31:41'),
(32, 15, 'POLYESTER', 'DTY 150/96', '246533', 701.00, 23133.00, -25.48, '@33', '2023-01-04 08:33:55', '2023-01-04 08:33:55'),
(33, 17, 'POLYESTER', 'DTY 75/36', '222011', 0.00, 0.00, -12.38, '@33', '2023-01-04 08:35:16', '2023-01-04 08:35:16'),
(34, 15, 'POLYESTER', 'DTY 75/36', '222244', 30.00, 990.00, -23.10, '@33', '2023-01-04 08:36:34', '2023-01-04 08:36:34'),
(35, 16, 'POLYESTER', 'DTY 75/144', 'A1192', 100.00, 3300.00, 18.19, '@33', '2023-01-04 08:37:23', '2023-01-24 08:06:36'),
(36, 13, 'POLYESTER', 'SDY 75/36', '711164', 3.00, 1512.00, 0.00, '@504', '2023-01-04 08:38:32', '2023-01-04 08:38:32'),
(37, 13, 'POLYESTER', 'DTY 100/48', '46290100', 6.00, 120.00, 0.66, NULL, '2023-01-04 08:53:28', '2023-01-04 08:53:28'),
(39, 7, 'COTTON', 'TCM 24', '596 A', 270.00, 8173.39, 45.06, 'SEMUA WARNA', '2023-01-05 03:23:34', '2023-01-05 03:23:34'),
(40, 1, 'COTTON', 'CD 23', '9522', 60.00, 1811.58, 9.98, 'SEMUA WARNA', '2023-01-09 12:43:24', '2023-01-09 12:43:24'),
(41, 1, 'COTTON', 'PE 30', '0123', 770.00, 23318.22, 128.53, 'WARNA', '2023-01-09 12:51:02', '2023-01-09 12:51:02'),
(42, 2, 'COTTON', 'TCM 20', '05', 1.00, 12.00, 0.07, 'SAMPLE', '2023-01-09 13:00:51', '2023-01-09 13:00:51'),
(43, 1, 'COTTON', 'CD 23', '0223', 400.00, 12100.67, 66.68, 'SEMUA WARNA', '2023-01-12 06:52:34', '2023-01-24 04:45:53'),
(44, 1, 'COTTON', 'CD 30', '0223', 128.00, 3902.17, 21.51, 'SEMUA WARNA', '2023-01-12 06:53:15', '2023-01-24 07:24:11'),
(45, 19, 'COTTON', 'MPE 30 M-71', '2897-1', 0.00, 0.00, 0.00, NULL, '2023-01-12 07:13:40', '2023-01-12 07:13:40'),
(46, 19, 'COTTON', 'MPE 30 M-81', '222900', 0.00, 0.00, 0.00, NULL, '2023-01-12 07:14:57', '2023-01-12 07:14:57'),
(47, 20, 'POLYESTER', 'DTY 75/36', '4R1785', 293.00, 8075.11, 44.51, 'NON STD', '2023-01-14 06:35:42', '2023-01-18 04:17:11'),
(48, 15, 'POLYESTER', 'SDY 50/36', '501035', 15.00, 4249.00, 23.42, NULL, '2023-01-14 06:39:18', '2023-01-14 06:39:18'),
(49, 7, 'COTTON', 'TCM 20', '500 A', 150.00, 4530.28, 24.97, 'SEMUA WARNA', '2023-01-16 02:08:51', '2023-01-16 02:08:51'),
(50, 1, 'COTTON', 'CD 23', '0623', 128.00, 3884.73, 21.41, 'SEMUA WARNA', '2023-01-17 06:36:39', '2023-01-17 06:36:39'),
(51, 3, 'COTTON', 'CD 30', '573 EFC', 0.00, 0.00, -0.01, NULL, '2023-01-18 03:53:52', '2023-01-18 03:53:52'),
(52, 20, 'POLYESTER', 'DTY 75/36', '4R178575', 154.00, 4620.00, 25.46, '@30', '2023-01-18 04:05:53', '2023-01-18 04:05:53'),
(53, 2, 'COTTON', 'TCM 28', '57 KN', 60.00, 1814.40, 10.00, NULL, '2023-01-18 04:25:40', '2023-01-18 04:25:40'),
(54, 13, 'POLYESTER', 'DTY 100/96', '4R1730100', 127.00, 3389.71, 18.68, 'NON STD', '2023-01-23 03:15:46', '2023-01-24 07:57:46');

--
-- Dumping data for table `penerimaan_benang`
--

INSERT INTO `penerimaan_benang` (`id`, `tanggal`, `id_supplier`, `BPB`, `SJ`, `jenis_benang`, `tipe_benang`, `LOT`, `BOX_KRG`, `KG`, `BALE`, `keterangan`, `created_at`, `updated_at`) VALUES
(1, '2023-01-02', 1, 1, '005/BNG-JJSW/I/23', 'PE 30', 'COTTON', '11322', 30.00, 909.73, 5.01, 'NON STD', '2023-01-05 03:03:10', '2023-01-05 03:03:10'),
(3, '2023-01-02', 7, 3, 'SJ0000021749', 'TCM 24', 'COTTON', '596 A', 240.00, 7260.33, 40.02, 'NON STD', '2023-01-05 03:25:57', '2023-01-05 03:25:57'),
(4, '2023-01-03', 2, 1, '1', 'TCM 20', 'COTTON', '05 KN', 2.00, 60.48, 0.33, 'RETUR DARI RAJUT 1', '2023-01-06 09:01:30', '2023-01-06 09:01:30'),
(5, '2023-01-05', 1, 4, '020/BNG-JJSW/1/23', 'CD 23', 'COTTON', '9522', 90.00, 2720.12, 14.99, 'NON STD', '2023-01-09 12:45:52', '2023-01-09 12:45:52'),
(6, '2023-01-05', 1, 5, '019/BNG-JJSW/1/23', 'PE 30', 'COTTON', '11322', 48.00, 1444.53, 7.96, 'NON STD', '2023-01-09 12:49:19', '2023-01-09 12:49:19'),
(7, '2023-01-05', 1, 6, '021/BNG-JJSW/1/23', 'PE 30', 'COTTON', '0123', 133.00, 4030.53, 22.21, 'NON STD', '2023-01-09 12:53:27', '2023-01-09 12:53:27'),
(8, '2023-01-05', 1, 3, '2', 'PE 28', 'COTTON', '10822', 33.00, 1002.21, 5.52, 'RETURAN RAJUT 1', '2023-01-09 12:58:34', '2023-01-09 12:58:34'),
(9, '2023-01-05', 2, 8, '2538', 'TCM 20', 'COTTON', '05', 1.00, 12.00, 0.07, 'SAMPLE', '2023-01-11 07:59:20', '2023-01-11 08:00:00'),
(10, '2023-01-06', 1, 7, '015/BNG-JJSW/I/23', 'CD 23', 'COTTON', '9522', 54.00, 1632.87, 9.00, 'NON STD', '2023-01-11 08:03:49', '2023-01-11 08:03:49'),
(11, '2023-01-07', 1, 9, '044/BNG-JJSW/1/23', 'PE 30', 'COTTON', '0123', 120.00, 3617.93, 19.94, 'NON STD', '2023-01-12 07:04:45', '2023-01-12 07:04:45'),
(12, '2023-01-07', 1, 10, '045/BNG-JJSW/1/23', 'CD 30', 'COTTON', '0223', 14.00, 428.28, 2.36, 'NON STD', '2023-01-12 07:07:09', '2023-01-12 07:07:09'),
(13, '2023-01-07', 1, 11, '046/BNG-JJSW/1/23', 'CD 23', 'COTTON', '0223', 46.00, 1376.84, 7.59, 'NON STD', '2023-01-12 07:09:01', '2023-01-12 07:09:01'),
(14, '2023-01-07', 19, 12, '23/JAN/YNK/P036', 'MPE 30 M-71', 'COTTON', '2897-1', 89.00, 3229.81, 17.80, NULL, '2023-01-12 07:17:08', '2023-01-12 07:17:08'),
(15, '2023-01-07', 19, 13, '23/JAN/YNK/P037', 'MPE 30 M-81', 'COTTON', '222900', 86.00, 3120.94, 17.20, NULL, '2023-01-12 07:18:59', '2023-01-12 07:18:59'),
(16, '2023-01-09', 1, 14, '058/BNG-JJSW/1/23', 'CD 30', 'COTTON', '0223', 60.00, 1826.61, 10.07, NULL, '2023-01-12 07:59:24', '2023-01-12 07:59:24'),
(17, '2023-01-09', 1, 15, '059/BNG-JJSW/1/23', 'PE 30', 'COTTON', '0123', 60.00, 1812.10, 9.99, 'NON STD', '2023-01-12 08:01:21', '2023-01-12 08:01:21'),
(18, '2023-01-09', 1, 16, '060/BNG-JJSW/1/23', 'CD 23', 'COTTON', '0223', 60.00, 1819.97, 10.03, 'NON STD', '2023-01-12 08:03:26', '2023-01-12 08:03:26'),
(19, '2023-01-09', 1, 17, '052/BNG-JJSW/1/23', 'PE 30', 'COTTON', '0123', 120.00, 3613.53, 19.92, 'NON STD', '2023-01-12 08:05:08', '2023-01-12 08:05:08'),
(20, '2023-01-05', 15, 18, '023/GASD/01/23', 'SDY 50/36', 'POLYESTER', '501035', 15.00, 4249.00, 23.42, NULL, '2023-01-14 06:47:53', '2023-01-14 06:47:53'),
(21, '2023-01-09', 20, 19, 'D023010046', 'DTY 75/36', 'POLYESTER', '4R1785', 208.00, 5684.39, 31.33, 'NON STD', '2023-01-14 06:50:16', '2023-01-14 06:50:16'),
(22, '2023-01-09', 20, 20, 'D023010051', 'DTY 75/36', 'POLYESTER', '4R1785', 155.00, 4315.05, 23.78, 'NON STD', '2023-01-14 06:52:27', '2023-01-14 06:52:27'),
(23, '2023-01-10', 7, 21, 'SJ0000021818', 'TCM 24', 'COTTON', '596 A', 34.00, 1030.46, 5.68, 'NON STD', '2023-01-16 02:07:22', '2023-01-16 02:07:22'),
(24, '2023-01-10', 7, 22, 'SJ0000021819', 'TCM 20', 'COTTON', '500 A', 150.00, 4530.28, 24.97, 'NON STD', '2023-01-16 02:10:41', '2023-01-16 02:10:41'),
(25, '2023-01-10', 1, 23, '070/BNG-JJSW/1/23', 'CD 23', 'COTTON', '0223', 60.00, 1817.76, 10.02, 'NON STD', '2023-01-16 02:13:11', '2023-01-16 02:13:11'),
(26, '2023-01-10', 1, 24, '071/BNG-JJSW/1/23', 'CD 30', 'COTTON', '0223', 60.00, 1825.07, 10.06, 'NON STD', '2023-01-16 02:15:04', '2023-01-16 02:15:04'),
(27, '2023-01-10', 7, 25, 'SJ0000021814', 'TCM 24', 'COTTON', '596 A', 176.00, 5332.47, 29.39, 'NON STD', '2023-01-16 02:17:18', '2023-01-16 02:17:18'),
(28, '2023-01-13', 1, 28, '096/BNG-JJSW/1/23', 'CD 23', 'COTTON', '0223', 120.00, 3640.97, 20.07, 'NON STD', '2023-01-16 03:20:50', '2023-01-16 03:20:50'),
(29, '2023-01-13', 1, 29, '097/BNG-JJSW/1/23', 'PE 30', 'COTTON', '0123', 90.00, 2724.69, 15.02, 'NON STD', '2023-01-16 03:22:58', '2023-01-16 03:22:58'),
(30, '2023-01-13', 1, 30, '088/BNG-JJSW/1/23', 'CD 23', 'COTTON', '0223', 120.00, 3629.89, 20.01, 'NON STD', '2023-01-16 03:24:21', '2023-01-16 03:24:21'),
(31, '2023-01-14', 1, 31, '108/BNG-JJSW/1/23', 'CD 23', 'COTTON', '0623', 80.00, 2435.06, 13.42, 'NON STD', '2023-01-17 06:41:09', '2023-01-17 06:41:09'),
(32, '2023-01-14', 1, 32, '107/BNG-JJSW/1/23', 'CD 23', 'COTTON', '0223', 100.00, 3029.39, 16.70, 'NON STD', '2023-01-17 06:42:54', '2023-01-17 06:42:54'),
(33, '2023-01-16', 3, 33, '3110076267', 'CD 30', 'COTTON', '573 EFC', 180.00, 4536.00, 25.00, '@25.2', '2023-01-18 04:08:22', '2023-01-18 04:08:22'),
(34, '2023-01-16', 1, 34, '119/BNG-JJSW/1/23', 'PE 30', 'COTTON', '0123', 120.00, 3635.14, 20.03, 'NON STD', '2023-01-18 04:09:56', '2023-01-18 04:09:56'),
(35, '2023-01-16', 1, 36, '122) BNG-JJSW/1/23', 'CD 23', 'COTTON', '0623', 30.00, 904.84, 4.99, 'NON STD', '2023-01-18 04:11:33', '2023-01-18 04:11:33'),
(36, '2023-01-16', 20, 37, 'D023010108', 'DTY 75/36', 'POLYESTER', '4R178575', 154.00, 4620.00, 25.46, '@30', '2023-01-18 04:13:57', '2023-01-18 04:13:57'),
(37, '2023-01-17', 5, 38, 'DMC ARZ0009486', 'PE 28', 'COTTON', '31622.13', 150.00, 4536.00, 25.00, NULL, '2023-01-18 04:30:55', '2023-01-18 04:30:55'),
(38, '2023-01-17', 2, 39, '124/BNG/JJSM/1/23', 'TCM 28', 'COTTON', '57 KN', 60.00, 1814.40, 10.00, NULL, '2023-01-18 04:32:34', '2023-01-18 04:32:34'),
(39, '2023-01-18', 1, 40, '141/BNG-JJSW/1/23', 'PE 30', 'COTTON', '0123', 162.00, 4927.15, 27.16, 'NON STD', '2023-01-20 04:12:07', '2023-01-20 04:12:07'),
(40, '2023-01-18', 1, 41, '142/BNG-JJSW/1/23', 'CD 23', 'COTTON', '0623', 18.00, 544.83, 3.00, 'NON STD', '2023-01-20 04:13:45', '2023-01-20 04:13:45'),
(41, '2023-01-19', 13, 42, '2110022632', 'DTY 100/96', 'POLYESTER', '4R1730100', 127.00, 3389.71, 18.68, 'NON STD', '2023-01-23 03:19:34', '2023-01-23 03:19:34'),
(42, '2023-01-20', 1, 43, '157/BNG-JJSW/1/23', 'PE 30', 'COTTON', '0123', 30.00, 911.76, 5.03, 'NON STD', '2023-01-23 03:51:20', '2023-01-23 03:51:20'),
(43, '2023-01-20', 1, 44, '158/BNG-JJSW/1/23', 'PE 30', 'COTTON', '0123', 120.00, 3643.09, 20.08, 'NON STD', '2023-01-23 03:52:56', '2023-01-23 03:52:56'),
(44, '2023-01-20', 1, 45, '159/BNG-JJSW/1/23', 'PE 30', 'COTTON', '0123', 60.00, 1816.92, 10.01, 'NON STD', '2023-01-23 03:54:55', '2023-01-23 03:54:55'),
(45, '2023-01-12', 1, 26, '082/BNG-JJSW/1/23', 'CD 23', 'COTTON', '0223', 120.00, 3631.45, 20.01, 'NON STD', '2023-01-24 04:33:18', '2023-01-24 04:33:18');

--
-- Dumping data for table `pengiriman_benang`
--

INSERT INTO `pengiriman_benang` (`id`, `id_rajut`, `tanggal`, `SJ`, `tipe_benang`, `id_supplier`, `jenis_benang`, `LOT`, `BOX_KRG`, `KG`, `BALE`, `keterangan`, `created_at`, `updated_at`) VALUES
(1, 1, '2023-01-02', '1', 'COTTON', 1, 'CD 23', '9222', 60.00, 1820.66, 10.03, 'NON STD', '2023-01-06 03:57:24', '2023-01-06 03:57:24'),
(2, 1, '2023-01-02', '2', 'COTTON', 1, 'PE 30', '11322', 40.00, 1214.17, 6.69, 'NON STD', '2023-01-06 04:00:17', '2023-01-06 04:00:17'),
(3, 1, '2023-01-02', '3', 'COTTON', 7, 'TCM 20', '584 V', 30.00, 909.14, 5.01, 'NON STD', '2023-01-06 04:01:44', '2023-01-06 04:01:44'),
(4, 2, '2023-01-02', '1', 'COTTON', 3, 'CD 23', '575 EFC', 20.00, 529.20, 2.92, NULL, '2023-01-06 04:06:40', '2023-01-06 04:06:40'),
(5, 1, '2023-01-02', '4', 'COTTON', 7, 'TCM 24', '596 A', 30.00, 908.92, 5.01, 'NON STD', '2023-01-06 07:48:54', '2023-01-06 07:48:54'),
(6, 1, '2023-01-03', '5', 'COTTON', 1, 'PE 30', '11322', 60.00, 1823.33, 10.05, 'NON STD', '2023-01-06 09:04:16', '2023-01-06 09:04:16'),
(7, 1, '2023-01-03', '6', 'COTTON', 7, 'TCM 24', '596 A', 30.00, 909.15, 5.01, 'NON STD', '2023-01-06 09:06:32', '2023-01-06 09:06:32'),
(8, 2, '2023-01-03', '2', 'COTTON', 5, 'PE 28', '31622.13', 40.00, 1209.60, 6.67, NULL, '2023-01-06 09:08:15', '2023-01-06 09:08:15'),
(9, 2, '2023-01-03', '3', 'COTTON', 3, 'CD 23', '575 EFC', 20.00, 504.00, 2.78, NULL, '2023-01-06 09:09:18', '2023-01-06 09:09:18'),
(10, 1, '2023-01-04', '7', 'COTTON', 7, 'TCM 20', '584 V', 36.00, 1090.26, 6.01, 'NON STD', '2023-01-09 08:53:10', '2023-01-09 08:53:10'),
(11, 1, '2023-01-04', '8', 'COTTON', 1, 'PE 30', '11322', 100.00, 3038.25, 16.75, 'NON STD', '2023-01-09 08:54:20', '2023-01-09 08:54:20'),
(12, 2, '2023-01-04', '4', 'COTTON', 1, 'PE 30', '11322', 20.00, 607.42, 3.35, 'NON STD', '2023-01-09 08:55:53', '2023-01-09 08:55:53'),
(13, 2, '2023-01-04', '5', 'COTTON', 5, 'PE 28', '31622.13', 60.00, 1814.40, 10.00, '@30.24', '2023-01-09 12:22:29', '2023-01-09 12:22:29'),
(14, 1, '2023-01-05', '9', 'COTTON', 7, 'TCM 20', '584 V', 30.00, 906.56, 5.00, 'NON STD', '2023-01-09 13:05:40', '2023-01-09 13:05:40'),
(15, 1, '2023-01-05', '10', 'COTTON', 7, 'TCM 24', '596 A', 30.00, 905.75, 4.99, 'NON STD', '2023-01-09 13:08:14', '2023-01-09 13:08:14'),
(16, 1, '2023-01-05', '11', 'COTTON', 1, 'PE 30', '11322', 20.00, 607.48, 3.35, 'NON STD', '2023-01-09 13:10:45', '2023-01-09 13:10:45'),
(17, 1, '2023-01-05', '12', 'COTTON', 1, 'CD 20', '5622', 20.00, 603.99, 3.33, 'NON STD', '2023-01-09 13:12:50', '2023-01-09 13:12:50'),
(18, 2, '2023-01-05', '6', 'COTTON', 5, 'PE 28', '31622.13', 40.00, 1209.60, 6.67, '@30.24', '2023-01-09 13:15:52', '2023-01-09 13:15:52'),
(19, 3, '2023-01-05', '1', 'POLYESTER', 15, 'DTY 75/36', '222244', 46.00, 1518.00, 8.37, '@33', '2023-01-11 07:54:32', '2023-01-11 07:54:32'),
(20, 1, '2023-01-06', '5', 'COTTON', 1, 'PE 30', '11322', 80.00, 2423.83, 13.36, 'NON STD', '2023-01-11 08:06:23', '2023-01-11 08:06:23'),
(21, 2, '2023-01-06', '7', 'COTTON', 1, 'CD 23', '9222', 20.00, 602.06, 3.32, 'NON STD', '2023-01-11 08:07:54', '2023-01-11 08:07:54'),
(22, 2, '2023-01-06', '8', 'COTTON', 1, 'PE 30', '11322', 20.00, 606.99, 3.35, 'NON STD', '2023-01-11 08:09:02', '2023-01-11 08:09:02'),
(23, 2, '2023-01-06', '9', 'COTTON', 1, 'PE 28', '31622.13', 13.00, 393.12, 2.17, '@33', '2023-01-11 08:09:59', '2023-01-11 08:09:59'),
(24, 3, '2023-01-06', '2', 'COTTON', 9, 'SPANDEX  20', '3-220501', 10.00, 300.00, 1.65, '@33', '2023-01-11 08:12:21', '2023-01-11 08:12:21'),
(25, 3, '2023-01-06', '3', 'POLYESTER', 13, 'DTY 100/96', '4P1056100', 21.00, 630.00, 3.47, '@30', '2023-01-11 08:16:20', '2023-01-11 08:16:20'),
(26, 3, '2023-01-06', '4', 'POLYESTER', 1, 'DTY 75/36', '222011', 20.00, 660.00, 3.64, '@33', '2023-01-11 08:18:18', '2023-01-11 08:18:18'),
(28, 1, '2023-01-07', '15', 'COTTON', 19, 'MPE 30 M-71', '2897-1', 49.00, 1778.21, 9.80, 'NON STD', '2023-01-12 07:34:19', '2023-01-12 07:34:19'),
(29, 1, '2023-01-07', '16', 'COTTON', 19, 'MPE 30 M-81', '222900', 46.00, 1669.34, 9.20, '@36.29', '2023-01-12 07:36:06', '2023-01-12 07:36:06'),
(30, 1, '2023-01-07', '17', 'COTTON', 1, 'CD 30', '0223', 14.00, 429.28, 2.37, 'NON STD', '2023-01-12 07:37:06', '2023-01-12 07:37:06'),
(31, 1, '2023-01-07', '18', 'COTTON', 1, 'PE 30', '11322', 20.00, 606.06, 3.34, 'NON STD', '2023-01-12 07:38:27', '2023-01-12 07:38:27'),
(32, 2, '2023-01-07', '10', 'COTTON', 1, 'CD 23', '9222', 20.00, 601.58, 3.32, 'NON STD', '2023-01-12 07:40:51', '2023-01-12 07:40:51'),
(33, 2, '2023-01-07', '11', 'COTTON', 1, 'CD 23', '9522', 60.00, 1815.94, 10.01, 'NON STD', '2023-01-12 07:42:04', '2023-01-12 07:42:04'),
(34, 1, '2023-01-09', '19', 'COTTON', 1, 'CD 23', '0223', 20.00, 607.56, 3.35, 'NON STD', '2023-01-12 08:22:13', '2023-01-12 08:22:13'),
(35, 1, '2023-01-09', '20', 'COTTON', 1, 'CD 30', '0223', 20.00, 606.86, 3.34, 'NON STD', '2023-01-12 08:25:04', '2023-01-12 08:25:04'),
(36, 1, '2023-01-09', '21', 'COTTON', 1, 'PE 30', '11322', 20.00, 604.51, 3.33, 'NON STD', '2023-01-12 08:27:32', '2023-01-12 08:27:32'),
(37, 1, '2023-01-09', '22', 'COTTON', 19, 'MPE 30 M-71', '2897-1', 20.00, 725.80, 4.00, '@36.29', '2023-01-12 08:29:53', '2023-01-12 08:29:53'),
(38, 1, '2023-01-09', '23', 'COTTON', 19, 'MPE 30 M-81', '222900', 20.00, 725.80, 4.00, '@36.29', '2023-01-12 08:31:21', '2023-01-12 08:31:21'),
(39, 3, '2023-01-09', '5', 'POLYESTER', 17, 'DTY 75/36', '222011', 24.00, 792.00, 4.37, '@33', '2023-01-12 08:33:29', '2023-01-12 08:33:29'),
(40, 3, '2023-01-09', '6', 'POLYESTER', 15, 'DTY 75/36', '222244', 21.00, 693.00, 3.82, '@33', '2023-01-12 08:34:33', '2023-01-12 08:34:33'),
(41, 1, '2023-01-10', '24', 'COTTON', 1, 'PE 30', '11322', 20.00, 603.96, 3.33, 'NON STD', '2023-01-16 02:21:00', '2023-01-16 02:21:00'),
(42, 1, '2023-01-10', '25', 'COTTON', 1, 'PE 30', '0123', 20.00, 603.90, 3.33, 'NON STD', '2023-01-16 02:22:38', '2023-01-16 02:22:38'),
(43, 1, '2023-01-10', '26', 'COTTON', 7, 'TCM 24', '596 A', 30.00, 904.93, 4.99, 'NON STS', '2023-01-16 02:24:28', '2023-01-16 02:24:28'),
(44, 5, '2023-01-10', '01/1/RTR', 'COTTON', 2, 'TCM 20', '05 KN', 192.00, 5791.87, 31.92, 'NON STD', '2023-01-16 02:26:58', '2023-01-16 02:26:58'),
(45, 2, '2023-01-11', '14', 'COTTON', 5, 'PE 28', '31622.13', 20.00, 604.80, 3.33, '@30.24', '2023-01-16 02:31:22', '2023-01-16 02:31:22'),
(46, 2, '2023-01-11', '15', 'COTTON', 1, 'PE 30', '11322', 20.00, 605.41, 3.34, 'NON STD', '2023-01-16 02:32:59', '2023-01-16 02:32:59'),
(47, 4, '2023-01-11', '1', 'POLYESTER', 16, 'DTY 75/144', 'A1192', 102.00, 3366.00, 18.55, '@33', '2023-01-16 02:36:05', '2023-01-24 08:04:44'),
(48, 1, '2023-01-12', '27', 'COTTON', 1, 'PE 30', '0123', 20.00, 601.39, 3.31, 'NON STD', '2023-01-16 02:51:15', '2023-01-16 02:51:15'),
(49, 1, '2023-01-12', '28', 'COTTON', 7, 'TCM 24', '596 A', 30.00, 910.85, 5.02, 'NON STD', '2023-01-16 02:52:29', '2023-01-16 02:52:29'),
(50, 1, '2023-01-12', '29', 'COTTON', 19, 'MPE 30 M-71', '2897-1', 20.00, 725.80, 4.00, '@36.29', '2023-01-16 02:54:19', '2023-01-16 02:54:19'),
(51, 2, '2023-01-12', '16', 'COTTON', 1, 'PE 30', '11322', 28.00, 836.90, 4.61, 'NON STD', '2023-01-16 02:56:00', '2023-01-16 02:56:00'),
(52, 2, '2023-01-12', '17', 'POLYESTER', 15, 'DTY 150/96', '246533', 35.00, 1155.00, 6.37, '@33', '2023-01-16 02:57:37', '2023-01-16 02:57:37'),
(53, 3, '2023-01-12', '7', 'POLYESTER', 13, 'DTY 100/96', '4P1056100', 35.00, 1050.00, 5.79, '@30', '2023-01-16 03:00:22', '2023-01-16 03:00:22'),
(54, 3, '2023-01-12', '8', 'POLYESTER', 15, 'DTY 75/36', '222244', 60.00, 1980.00, 10.91, 'NON STD', '2023-01-16 03:01:47', '2023-01-16 03:01:47'),
(55, 1, '2023-01-13', '30', 'COTTON', 1, 'CD 23', '0223', 20.00, 607.87, 3.35, 'NON STD', '2023-01-17 04:16:42', '2023-01-17 04:16:42'),
(56, 1, '2023-01-13', '31', 'COTTON', 1, 'PE 30', '0123', 41.00, 1240.79, 6.84, 'NON STD', '2023-01-17 04:17:39', '2023-01-17 04:17:39'),
(57, 1, '2023-01-13', '32', 'COTTON', 2, 'TCM 24', '05 KN', 20.00, 604.80, 3.33, '@30.24', '2023-01-17 04:19:33', '2023-01-17 04:19:33'),
(58, 1, '2023-01-13', '33', 'COTTON', 19, 'MPE 30 M-81', '222900', 20.00, 725.80, 4.00, '@36.29', '2023-01-17 04:21:24', '2023-01-17 04:21:24'),
(59, 2, '2023-01-13', '18', 'COTTON', 9, 'SPANDEX  20', '3-220501', 10.00, 300.00, 1.65, '@30', '2023-01-17 04:26:58', '2023-01-17 04:26:58'),
(60, 2, '2023-01-13', '19', 'COTTON', 9, 'SPANDEX 30', '200102', 5.00, 120.00, 0.66, '@24', '2023-01-17 04:28:06', '2023-01-17 04:28:06'),
(61, 2, '2023-01-13', '20', 'POLYESTER', 13, 'DTY 100/96', '4P1056100', 35.00, 1050.00, 5.79, '30', '2023-01-17 06:32:13', '2023-01-17 06:32:13'),
(62, 2, '2023-01-13', '21', 'POLYESTER', 15, 'DTY 150/96', '246533', 35.00, 1155.00, 6.37, '@33', '2023-01-17 06:34:16', '2023-01-17 06:34:16'),
(63, 1, '2023-01-14', '35', 'COTTON', 2, 'TCM 24', '05 KN', 20.00, 604.80, 3.33, '@30.24', '2023-01-17 06:44:56', '2023-01-17 06:44:56'),
(64, 2, '2023-01-14', '22', 'COTTON', 1, 'CD 23', '9522', 24.00, 725.47, 4.00, 'NON STD', '2023-01-17 06:48:31', '2023-01-17 06:48:31'),
(65, 2, '2023-01-14', '23', 'COTTON', 3, 'CD 23', '575 EFC', 40.00, 1008.00, 5.56, '@25.2', '2023-01-17 06:49:51', '2023-01-17 06:49:51'),
(66, 2, '2023-01-14', '24', 'COTTON', 2, 'TCM 28', '56-SP4', 40.00, 1209.60, 6.67, '@30.24', '2023-01-17 06:51:12', '2023-01-17 06:51:12'),
(67, 3, '2023-01-14', '9', 'POLYESTER', 20, 'DTY 75/36', '4R1785', 35.00, 954.62, 5.26, 'NON STD', '2023-01-17 06:53:57', '2023-01-17 06:53:57'),
(68, 1, '2023-01-16', '36', 'COTTON', 7, 'PC 24', '784B', 30.00, 901.85, 4.97, 'NON STD', '2023-01-18 04:20:48', '2023-01-18 04:20:48'),
(69, 1, '2023-01-16', '37', 'COTTON', 3, 'CD 30', '573 EFC', 40.00, 1008.00, 5.56, '@25.2', '2023-01-18 04:22:29', '2023-01-18 04:22:29'),
(70, 2, '2023-01-16', '25', 'COTTON', 1, 'CD 30', '0223', 20.00, 609.68, 3.36, 'NON STD', '2023-01-18 04:24:27', '2023-01-18 04:24:27'),
(71, 1, '2023-01-17', '38', 'COTTON', 7, 'TCM 24', '596 A', 30.00, 906.15, 4.99, 'NON STD', '2023-01-18 04:35:03', '2023-01-18 04:35:03'),
(72, 1, '2023-01-17', '39', 'COTTON', 1, 'CD 23', '0223', 20.00, 606.53, 3.34, 'NON STD', '2023-01-18 04:36:31', '2023-01-18 04:36:31'),
(73, 1, '2023-01-17', '40', 'COTTON', 3, 'CD 30', '573 EFC', 40.00, 1008.00, 5.56, '25.2', '2023-01-18 04:38:03', '2023-01-18 04:38:03'),
(74, 2, '2023-01-17', '26', 'COTTON', 3, 'CD 23', '575 EFC', 20.00, 504.00, 2.78, '@25.2', '2023-01-18 04:40:39', '2023-01-18 04:40:39'),
(75, 2, '2023-01-17', '27', 'POLYESTER', 15, 'DTY 150/96', '246533', 35.00, 1155.00, 6.37, '@33', '2023-01-18 04:42:39', '2023-01-18 04:42:39'),
(76, 1, '2023-01-18', '41', 'COTTON', 3, 'CD 30', '573 EFC', 80.00, 2016.00, 11.11, '@25.2', '2023-01-20 04:16:21', '2023-01-20 04:16:21'),
(77, 2, '2023-01-18', '28', 'COTTON', 5, 'PE 28', '31622.13', 20.00, 604.80, 3.33, '@30.24', '2023-01-20 04:18:00', '2023-01-20 04:18:00'),
(78, 2, '2023-01-18', '29', 'COTTON', 9, 'SPANDEX 30', '200102', 5.00, 120.00, 0.66, '@24', '2023-01-20 04:19:10', '2023-01-20 04:19:10'),
(79, 3, '2023-01-18', '10', 'COTTON', 9, 'SPANDEX 30', '200102', 4.00, 96.00, 0.53, '@96', '2023-01-23 03:11:16', '2023-01-23 03:11:16'),
(80, 3, '2023-01-18', '11', 'POLYESTER', 17, 'DTY 75/36', '222011', 24.00, 792.00, 4.37, 'NON STD', '2023-01-23 03:12:36', '2023-01-23 03:12:36'),
(81, 1, '2023-01-19', '42', 'COTTON', 2, 'TCM 24', '5622', 26.00, 786.24, 4.33, '@30.24', '2023-01-23 03:22:45', '2023-01-24 03:31:20'),
(82, 1, '2023-01-19', '43', 'COTTON', 1, 'CD 23', '0223', 20.00, 604.84, 3.33, 'NON STD', '2023-01-23 03:23:52', '2023-01-23 03:23:52'),
(83, 1, '2023-01-19', '44', 'COTTON', 3, 'CD 30', '573 EFC', 20.00, 504.00, 2.78, '@25.2', '2023-01-23 03:33:22', '2023-01-23 03:33:22'),
(84, 1, '2023-01-19', '45', 'COTTON', 7, 'PC 24', '784B', 32.00, 958.74, 5.28, 'NON STD', '2023-01-23 03:34:39', '2023-01-23 03:34:39'),
(85, 1, '2023-01-19', '46', 'COTTON', 1, 'PE 30', '0123', 42.00, 1277.89, 7.04, 'NON STD', '2023-01-23 03:36:19', '2023-01-23 03:36:19'),
(86, 2, '2023-01-19', '30', 'COTTON', 1, 'PE 30', '0123', 20.00, 607.73, 3.35, 'NON STD', '2023-01-23 03:38:46', '2023-01-23 03:38:46'),
(87, 2, '2023-01-19', '31', 'COTTON', 1, 'CD 23', '0223', 20.00, 606.87, 3.34, 'NON STD', '2023-01-23 03:40:02', '2023-01-23 03:40:02'),
(88, 2, '2023-01-19', '32', 'COTTON', 5, 'PE 28', '31622.13', 20.00, 604.80, 3.33, '@ 30.24', '2023-01-23 03:41:34', '2023-01-23 03:41:34'),
(89, 2, '2023-01-19', '33', 'POLYESTER', 15, 'DTY 150/96', '246533', 35.00, 1155.00, 6.37, '@33', '2023-01-23 03:42:41', '2023-01-23 03:42:41'),
(90, 3, '2023-01-19', '12', 'POLYESTER', 13, 'DTY 100/96', '4P1056100', 35.00, 1050.00, 5.79, '@30', '2023-01-23 03:44:29', '2023-01-23 03:44:29'),
(91, 1, '2023-01-20', '47', 'COTTON', 2, 'TCM 24', '05 KN', 20.00, 604.80, 3.33, '@30.24', '2023-01-23 03:57:23', '2023-01-23 03:57:23'),
(92, 1, '2023-01-20', '48', 'COTTON', 7, 'TCM 24', '596 A', 30.00, 909.78, 5.01, 'NON STD', '2023-01-23 03:59:04', '2023-01-23 03:59:04'),
(93, 1, '2023-01-20', '40', 'COTTON', 1, 'PE 30', '0123', 40.00, 1212.00, 6.68, 'NON STD', '2023-01-23 04:00:43', '2023-01-23 04:00:43'),
(94, 2, '2023-01-20', '34', 'COTTON', 1, 'CD 23', '0223', 40.00, 1209.88, 6.67, 'NON STD', '2023-01-23 04:09:01', '2023-01-24 04:14:56'),
(95, 2, '2023-01-20', '35', 'COTTON', 1, 'PE 30', '0123', 22.00, 655.63, 3.61, 'NON STD', '2023-01-23 04:10:52', '2023-01-23 04:10:52'),
(96, 3, '2023-01-20', '13', 'POLYESTER', 13, 'DTY 100/96', '4P1056100', 35.00, 1050.00, 5.79, '@30', '2023-01-23 04:13:30', '2023-01-23 04:13:30'),
(97, 3, '2023-01-20', '14', 'POLYESTER', 20, 'DTY 75/36', '4R1785', 35.00, 969.71, 5.34, 'NON STD', '2023-01-23 04:15:46', '2023-01-23 04:15:46'),
(98, 1, '2023-01-06', '13', 'COTTON', 1, 'CD 23', '9222', 20.00, 601.58, 3.32, 'NON STD', '2023-01-24 03:57:00', '2023-01-24 03:57:00'),
(99, 1, '2023-01-13', '34', 'COTTON', 7, 'TCM 24', '596 A', 30.00, 906.73, 5.00, 'NON STD', '2023-01-24 07:43:21', '2023-01-24 07:43:21'),
(100, 1, '2023-01-21', '50', 'COTTON', 2, 'TCM 24', '05 KN', 40.00, 1209.60, 6.67, '@30.24', '2023-01-25 07:07:42', '2023-01-25 07:07:42'),
(101, 1, '2023-01-21', '51', 'COTTON', 7, 'TCM 24', '596 A', 30.00, 905.72, 4.99, 'NON STD', '2023-01-25 07:09:06', '2023-01-25 07:09:06'),
(102, 1, '2023-01-21', '52', 'COTTON', 1, 'CD 23', '0223', 20.00, 605.13, 3.34, 'NON STD', '2023-01-25 07:10:49', '2023-01-25 07:10:49'),
(103, 1, '2023-01-21', '53', 'COTTON', 1, 'PE 30', '0123', 40.00, 1215.29, 6.70, 'NON STD', '2023-01-25 07:12:27', '2023-01-25 07:12:27'),
(104, 2, '2023-01-21', '36', 'COTTON', 1, 'CD 23', '0223', 66.00, 1996.92, 11.01, 'NON STD', '2023-01-25 07:14:24', '2023-01-25 07:14:24');

--
-- Dumping data for table `rajut`
--

INSERT INTO `rajut` (`id`, `nama_rajut`, `saldo`, `created_at`, `updated_at`) VALUES
(1, 'RAJUT 1', '0.00', NULL, NULL),
(2, 'RAJUT 2', '0.00', NULL, NULL),
(3, 'KNITING POLYESTER', '0.00', NULL, NULL),
(4, 'KOKET', '0.00', NULL, NULL),
(5, 'RETUR', '0.00', NULL, NULL);

--
-- Dumping data for table `supplier_benang`
--

INSERT INTO `supplier_benang` (`id`, `nama_supplier`, `saldo`, `hutang`, `keterangan`, `created_at`, `updated_at`) VALUES
(1, 'JESI JASON SURJA WIBOWO', '0.00', '0.00', NULL, '2023-01-04 04:43:17', '2023-01-04 04:43:17'),
(2, 'JESI JASON SURJA MAKMUR', '0.00', '0.00', NULL, '2023-01-04 04:44:22', '2023-01-04 04:44:22'),
(3, 'SPINMILL INDAH INDUSTRY', '0.00', '0.00', NULL, '2023-01-04 04:45:22', '2023-01-04 07:33:08'),
(4, 'DELTA DUNIA TEKSTIL', '0.00', '0.00', NULL, '2023-01-04 04:47:06', '2023-01-04 04:47:06'),
(5, 'DHANAR MAS CONCERN', '0.00', '0.00', NULL, '2023-01-04 04:48:09', '2023-01-04 04:48:09'),
(6, 'SINAR PANTJA DJAJA', '0.00', '0.00', NULL, '2023-01-04 04:49:30', '2023-01-04 04:49:30'),
(7, 'KEWALRAM INDONESIA', '0.00', '0.00', NULL, '2023-01-04 04:50:14', '2023-01-04 04:50:14'),
(8, 'INDORAMA', '0.00', '0.00', NULL, '2023-01-04 04:50:49', '2023-01-04 04:50:49'),
(9, 'XINXIANG/BAILU', '0.00', '0.00', NULL, '2023-01-04 04:51:14', '2023-01-04 04:51:14'),
(10, 'SULINDAMILLS', '0.00', '0.00', NULL, '2023-01-04 04:51:47', '2023-01-04 04:51:47'),
(11, 'MAODA', '0.00', '0.00', NULL, '2023-01-04 04:52:12', '2023-01-04 04:52:12'),
(12, 'MAODA', '0.00', '0.00', NULL, '2023-01-04 07:11:01', '2023-01-04 07:11:01'),
(13, 'ASIA PASIFIC', '0.00', '0.00', NULL, '2023-01-04 07:11:45', '2023-01-04 07:11:45'),
(14, 'XIAMEN', '0.00', '0.00', NULL, '2023-01-04 07:12:21', '2023-01-04 07:12:21'),
(15, 'POLYFIN CANGGIH', '0.00', '0.00', NULL, '2023-01-04 07:12:55', '2023-01-04 07:12:55'),
(16, 'SHAOXING', '0.00', '0.00', NULL, '2023-01-04 07:13:45', '2023-01-04 07:13:45'),
(17, 'CITRA TERUS MAKMUR', '0.00', '0.00', NULL, '2023-01-04 07:16:03', '2023-01-04 07:16:03'),
(18, 'RAJUT 1', '0.00', '0.00', NULL, '2023-01-06 08:58:06', '2023-01-06 08:58:06'),
(19, 'YUNIKO ASIA PRIMA', '0.00', '0.00', NULL, '2023-01-12 06:59:57', '2023-01-12 06:59:57'),
(20, 'MANGGALA INDOPRATAMA', '0.00', '0.00', 'NON STD', '2023-01-14 06:43:50', '2023-01-14 06:43:50');
COMMIT;

/*!40101 SET CHARACTER_SET_CLIENT=@OLD_CHARACTER_SET_CLIENT */;
/*!40101 SET CHARACTER_SET_RESULTS=@OLD_CHARACTER_SET_RESULTS */;
/*!40101 SET COLLATION_CONNECTION=@OLD_COLLATION_CONNECTION */;
