-- phpMyAdmin SQL Dump
-- version 5.0.4
-- https://www.phpmyadmin.net/
--
-- Host: localhost
-- Generation Time: Dec 30, 2022 at 05:03 PM
-- Server version: 5.7.37-log
-- PHP Version: 7.4.33

SET SQL_MODE = "NO_AUTO_VALUE_ON_ZERO";
START TRANSACTION;
SET time_zone = "+00:00";


/*!40101 SET @OLD_CHARACTER_SET_CLIENT=@@CHARACTER_SET_CLIENT */;
/*!40101 SET @OLD_CHARACTER_SET_RESULTS=@@CHARACTER_SET_RESULTS */;
/*!40101 SET @OLD_COLLATION_CONNECTION=@@COLLATION_CONNECTION */;
/*!40101 SET NAMES utf8mb4 */;

--
-- Database: `trisystem`
--

--
-- Dumping data for table `bpb_benang`
--

INSERT INTO `bpb_benang` (`id`, `no_bpb`, `id_supplier`, `surat_jalan`, `harga`, `pembayaran`, `status`, `created_at`, `updated_at`) VALUES
(1, 'XSQ13', 9, '123213', 123.000, 0.000, 'belum lunas', '2022-12-09 03:12:46', '2022-12-09 03:12:46'),
(3, '35ff', 9, '6456', 70000.000, 0.000, 'belum lunas', '2022-12-09 09:26:38', '2022-12-09 09:26:38'),
(4, '12/XII/22', 1, '125', 0.000, 0.000, 'belum lunas', '2022-12-16 03:47:13', '2022-12-16 03:47:13');

--
-- Dumping data for table `master_benang`
--

INSERT INTO `master_benang` (`id`, `id_supplier`, `tipe_benang`, `jenis_benang`, `LOT`, `BOX_KRG`, `KG`, `BALE`, `keterangan`, `created_at`, `updated_at`) VALUES
(7, 1, 'COTTON', 'CD 20', '5622', 20.00, 603.99, 3.33, NULL, '2022-12-12 03:42:35', '2022-12-13 08:57:05'),
(8, 1, 'COTTON', 'CD 20', '7822', 151.00, 4562.82, 25.15, NULL, '2022-12-12 03:43:26', '2022-12-12 03:43:26'),
(9, 1, 'COTTON', 'CD 23', '8822', 40.00, 1209.56, 6.67, '0', '2022-12-12 03:44:13', '2022-12-16 03:20:49'),
(10, 15, 'COTTON', 'CD 23', '573 EFC', 48.00, 1209.60, 6.67, '0', '2022-12-12 03:47:48', '2022-12-12 03:47:48'),
(11, 1, 'COTTON', 'CD 30', '8422', 20.00, 605.08, 3.34, '0', '2022-12-12 03:49:09', '2022-12-12 03:49:09'),
(12, 1, 'COTTON', 'PE 20', '10822', 100.00, 3035.31, 16.73, '0', '2022-12-12 03:49:51', '2022-12-12 03:49:51'),
(13, 6, 'COTTON', 'PE 24', '082-095225', 149.00, 4505.76, 24.83, '0', '2022-12-12 03:50:45', '2022-12-12 03:50:45'),
(14, 7, 'COTTON', 'PE 24', '1740200365', 70.00, 1587.60, 8.75, '0', '2022-12-12 03:51:28', '2022-12-12 03:51:28'),
(15, 1, 'COTTON', 'PE 28', '10822', 96.00, 2877.78, 15.86, '0', '2022-12-12 03:52:05', '2022-12-12 03:52:05'),
(16, 4, 'COTTON', 'PE 28', '312201', 31.00, 937.44, 5.17, '0', '2022-12-12 03:53:08', '2022-12-12 03:53:08'),
(17, 16, 'COTTON', 'PE 30', '31621.09', 20.00, 604.80, 6.67, '0', '2022-12-12 03:55:09', '2022-12-12 03:55:09'),
(18, 1, 'COTTON', 'PE 30', '11222', 298.00, 9038.79, 49.82, '0', '2022-12-12 03:55:47', '2022-12-16 03:27:20'),
(20, 17, 'COTTON', 'TCM 20', '585 B', 47.00, 1419.66, 7.82, '0', '2022-12-12 03:58:27', '2022-12-12 03:58:27'),
(21, 4, 'COTTON', 'TCM 24', '056-SP4', 90.00, 2721.60, 15.00, '0', '2022-12-12 03:59:21', '2022-12-12 03:59:21'),
(22, 4, 'COTTON', 'TCM 28', '054-SP4', 20.00, 604.80, 3.33, '0', '2022-12-12 04:00:04', '2022-12-12 04:00:04'),
(23, 17, 'COTTON', 'PC 24', '784 B', 94.00, 2819.39, 15.54, '0', '2022-12-12 04:00:47', '2022-12-12 04:00:47'),
(24, 18, 'COTTON', '30 MPE M-71', '073', 20.00, 604.80, 3.33, '0', '2022-12-12 04:02:26', '2022-12-12 04:02:26'),
(25, 18, 'COTTON', '30 MPE M81', '049', 2.00, 55.00, 0.30, '0', '2022-12-12 04:03:09', '2022-12-12 04:03:09'),
(26, 8, 'COTTON', 'CVC 30', 'S5130-3790', 38.00, 1258.71, 6.94, '0', '2022-12-12 04:04:11', '2022-12-12 04:04:11'),
(27, 5, 'COTTON', 'SPANDEX 20', '3-220501', 149.00, 4470.00, 24.64, '0', '2022-12-12 04:05:11', '2022-12-12 04:05:11'),
(28, 5, 'COTTON', 'SPANDEX 30', '200102', 27.00, 648.00, 3.57, '0', '2022-12-12 04:05:43', '2022-12-12 04:05:43'),
(29, 19, 'COTTON', 'PE 30', 'B 100', 8.00, 200.00, 1.10, '0', '2022-12-12 04:07:33', '2022-12-12 04:07:33'),
(30, 9, 'COTTON', 'TC 16', '16362', 20.00, 652.80, 3.60, '0', '2022-12-12 04:08:09', '2022-12-12 04:08:09'),
(31, 9, 'COTTON', 'TC 18', '18562', 23.00, 750.72, 4.14, '0', '2022-12-12 04:08:41', '2022-12-12 04:08:41'),
(32, 9, 'COTTON', 'PC 30', 'SMD 30Y22', 48.00, 1566.72, 8.63, '0', '2022-12-12 04:09:28', '2022-12-12 04:09:28'),
(33, 4, 'COTTON', 'CD 30', '45', 1.00, 12.00, 0.07, '0', '2022-12-12 04:10:00', '2022-12-12 04:10:00'),
(34, 1, 'COTTON', 'CM 23', '8422', 1.00, 12.00, 0.07, '0', '2022-12-12 04:10:29', '2022-12-12 04:10:29'),
(35, 14, 'POLYESTER', 'DTY 100/96', '4P1056100', 44.00, 1320.00, 0.00, '0', '2022-12-12 04:11:18', '2022-12-12 04:11:18'),
(36, 12, 'POLYESTER', 'DTY 100/144', 'B2306', 105.00, 3465.00, 0.00, '0', '2022-12-12 04:12:02', '2022-12-12 04:12:02'),
(37, 20, 'POLYESTER', 'DTY 100/144', '637529', 177.00, 5143.55, 0.00, '0', '2022-12-12 04:13:40', '2022-12-12 04:13:40'),
(38, 14, 'POLYESTER', 'DTY 100/144', '4R1364100 NS', 28.00, 877.42, 0.00, '0', '2022-12-12 04:14:36', '2022-12-12 04:14:36'),
(39, 13, 'POLYESTER', 'DTY 150/144', '1514409', 47.00, 1551.00, 0.00, '0', '2022-12-12 04:15:10', '2022-12-12 04:15:10'),
(40, 20, 'POLYESTER', 'DTY 150/96', '246533', 841.00, 27753.00, 0.00, '0', '2022-12-12 04:16:07', '2022-12-12 04:16:07'),
(41, 13, 'POLYESTER', 'DTY 75/36', 'A1179', 196.00, 6468.00, 0.00, NULL, '2022-12-12 04:16:47', '2022-12-30 07:16:35'),
(42, 13, 'POLYESTER', 'DTY 75/144', 'A1192', 202.00, 6666.00, 0.00, '0', '2022-12-12 04:17:34', '2022-12-12 04:17:34'),
(43, 14, 'POLYESTER', 'SDY 75/36', '711164', 3.00, 1512.00, 0.00, '0', '2022-12-12 04:18:11', '2022-12-12 04:18:11'),
(44, 14, 'POLYESTER', 'DTY 100/48', '46290100', 6.00, 120.00, 0.00, NULL, '2022-12-12 04:18:53', '2022-12-13 06:24:21');

--
-- Dumping data for table `migrations`
--

INSERT INTO `migrations` (`id`, `migration`, `batch`) VALUES
(1, '2014_10_12_000000_create_users_table', 1),
(2, '2014_10_12_100000_create_password_resets_table', 1),
(3, '2019_08_19_000000_create_failed_jobs_table', 1),
(4, '2019_12_14_000001_create_personal_access_tokens_table', 1),
(5, '2022_04_15_130146_create_permission_tables', 1),
(6, '2022_12_06_062504_create_supplier_benang_table', 1),
(7, '2022_12_06_062655_create_rajut_table', 1),
(8, '2022_12_06_062746_create_bpb_benang_table', 1),
(9, '2022_12_06_062823_create_invoice_benang_table', 1),
(10, '2022_12_06_062857_create_master_benang_table', 1),
(11, '2022_12_06_062939_create_penerimaan_benang_table', 1),
(12, '2022_12_06_063031_create_pengiriman_benang_table', 1),
(13, '2022_12_08_065338_create_stokbenang_trigger', 2),
(14, '2022_12_21_071924_create_customer_table', 3),
(15, '2022_12_21_072029_create_kartu_order_proses_table', 3),
(16, '2022_12_21_072052_create_penerimaan_produksi_kain_table', 3),
(17, '2022_12_21_072113_create_pengiriman_kain_table', 3),
(18, '2022_12_21_072131_create_stock_polos_table', 3),
(19, '2022_12_21_072145_create_bs_polos_table', 3),
(20, '2022_12_26_092141_create_kainpolos_trigger', 3);

--
-- Dumping data for table `model_has_roles`
--

INSERT INTO `model_has_roles` (`role_id`, `model_type`, `model_id`) VALUES
(1, 'App\\Models\\User', 1),
(4, 'App\\Models\\User', 2),
(3, 'App\\Models\\User', 3);

--
-- Dumping data for table `penerimaan_benang`
--

INSERT INTO `penerimaan_benang` (`id`, `tanggal`, `id_supplier`, `BPB`, `SJ`, `jenis_benang`, `tipe_benang`, `LOT`, `BOX_KRG`, `KG`, `BALE`, `keterangan`, `created_at`, `updated_at`) VALUES
(1, '2022-12-12', 1, 1, '1232123', 'CD 20', 'COTTON', '5622', 20.00, 603.99, 3.33, 'Semua Warna', '2022-12-09 03:25:55', '2022-12-13 06:50:09'),
(4, '2022-12-12', 1, 1, '25', 'CD 20', 'COTTON', '7822', 151.00, 4562.82, 25.15, 'Semua Warna', '2022-12-12 04:36:36', '2022-12-13 06:51:59'),
(5, '2022-12-12', 1, 1, '3', 'CD 23', 'COTTON', '8822', 40.00, 1209.56, 6.67, 'Semua Warna', '2022-12-12 06:24:41', '2022-12-13 06:55:22'),
(6, '2022-12-12', 15, 1, '4', 'CD 23', 'COTTON', '573 EFC', 48.00, 1209.60, 6.67, NULL, '2022-12-12 06:41:34', '2022-12-13 06:59:15'),
(7, '2022-12-12', 1, 1, '5', 'CD 30', 'COTTON', '8422', 20.00, 605.08, 3.33, 'Semua Warna', '2022-12-12 06:43:26', '2022-12-13 07:00:59'),
(8, '2022-12-12', 1, 1, '6', 'PE 20', 'COTTON', '10822', 100.00, 3035.31, 16.73, 'Semua Warna', '2022-12-12 06:45:35', '2022-12-13 07:02:26'),
(9, '2022-12-12', 1, 1, '7', 'PE 24', 'COTTON', '082-095225', 149.00, 4505.76, 24.83, 'Semua Warna', '2022-12-12 06:49:03', '2022-12-12 06:49:03'),
(10, '2022-12-12', 7, 1, '8', 'PE 24', 'COTTON', '1740200365', 70.00, 1587.60, 8.75, 'Semua Warna', '2022-12-12 06:51:35', '2022-12-13 07:03:35'),
(11, '2022-12-12', 1, 1, '9', 'PE 28', 'COTTON', '10822', 96.00, 2877.78, 15.86, 'Semua Warna', '2022-12-12 06:53:23', '2022-12-12 06:53:23'),
(12, '2022-12-12', 4, 1, '10', 'PE 28', 'COTTON', '312201', 31.00, 937.44, 5.17, 'Semua Warna', '2022-12-12 06:55:43', '2022-12-12 06:55:43'),
(13, '2022-12-12', 16, 1, '11', 'PE 30', 'COTTON', '31621.09', 60.00, 1814.40, 10.00, 'Semua Warna', '2022-12-12 06:56:54', '2022-12-13 07:06:33'),
(14, '2022-12-12', 1, 1, '12', 'PE 30', 'COTTON', '11222', 160.00, 4854.32, 26.75, 'Semua Warna', '2022-12-12 06:58:12', '2022-12-13 07:08:51'),
(16, '2022-12-12', 17, 1, '14', 'TCM 20', 'COTTON', '585 B', 47.00, 1419.66, 7.82, 'Semua Warna', '2022-12-12 07:02:41', '2022-12-12 07:02:41'),
(17, '2022-12-12', 4, 1, '15', 'TCM 24', 'COTTON', '056-SP4', 90.00, 2721.60, 15.00, 'Semua Warna', '2022-12-12 07:07:03', '2022-12-13 07:12:17'),
(18, '2022-12-12', 4, 1, '16', 'TCM 28', 'COTTON', '054-SP4', 20.00, 604.80, 3.33, 'Semua Warna', '2022-12-12 07:08:38', '2022-12-13 07:13:11'),
(19, '2022-12-12', 17, 1, '17', 'PC 24', 'COTTON', '784 B', 94.00, 2819.39, 15.54, 'Semua Warna', '2022-12-12 07:10:22', '2022-12-12 07:11:38'),
(20, '2022-12-12', 18, 1, '18', '30 MPE M-71', 'COTTON', '073', 20.00, 604.80, 3.33, 'Semua Warna', '2022-12-12 07:13:26', '2022-12-13 07:14:44'),
(21, '2022-12-12', 18, 1, '19', '30 MPE M-81', 'COTTON', '049', 2.00, 55.00, 0.31, 'Returan Produksi', '2022-12-12 07:15:18', '2022-12-13 07:17:26'),
(22, '2022-12-12', 8, 1, '20', 'CVC 30', 'COTTON', 'S5130-3790', 38.00, 1258.71, 6.94, NULL, '2022-12-12 07:16:56', '2022-12-13 07:22:17'),
(23, '2022-12-12', 5, 1, '20', 'SPANDEX 20', 'COTTON', '3-220501', 139.00, 4170.00, 22.98, NULL, '2022-12-12 07:18:51', '2022-12-13 07:24:58'),
(24, '2022-12-12', 5, 1, '21', 'SPANDEX 30', 'COTTON', '200102', 22.00, 528.00, 2.91, NULL, '2022-12-12 07:22:05', '2022-12-13 07:26:47'),
(25, '2022-12-12', 19, 1, '22', 'PE 30', 'COTTON', 'B 100', 8.00, 200.00, 1.10, NULL, '2022-12-12 07:24:40', '2022-12-13 07:28:40'),
(26, '2022-12-12', 9, 1, '23', 'TC 16', 'COTTON', '16362', 20.00, 652.80, 3.60, NULL, '2022-12-12 07:25:52', '2022-12-13 07:30:40'),
(27, '2022-12-12', 9, 1, '26', 'TC 18', 'COTTON', '18562', 23.00, 750.72, 4.14, NULL, '2022-12-12 07:29:26', '2022-12-13 07:50:58'),
(28, '2022-12-12', 9, 1, '28', 'PC 30', 'COTTON', 'SMD 30Y22', 48.00, 1566.72, 8.63, NULL, '2022-12-12 07:30:42', '2022-12-13 07:52:10'),
(29, '2022-12-12', 4, 1, '28', 'CD 30', 'COTTON', '45', 1.00, 12.00, 0.07, 'Sample', '2022-12-12 07:33:10', '2022-12-12 07:33:10'),
(30, '2022-12-12', 1, 1, '28', 'CM 23', 'COTTON', '8422', 1.00, 12.00, 0.07, 'Sample', '2022-12-12 07:35:14', '2022-12-12 07:35:14'),
(31, '2022-12-12', 12, 1, '25', 'DTY 100/144', 'POLYESTER', 'B2306', 105.00, 3465.00, 0.00, '@33 KG', '2022-12-12 07:38:02', '2022-12-12 07:38:02'),
(32, '2022-12-12', 11, 1, '21', 'DTY 100/144', 'POLYESTER', '637529', 177.00, 5143.55, 0.00, 'Non Std', '2022-12-12 07:41:17', '2022-12-13 08:02:06'),
(33, '2022-12-12', 14, 1, '55', 'DTY 100/144', 'POLYESTER', '4R1364100 NS', 28.00, 877.42, 0.00, 'Non Std', '2022-12-12 07:44:09', '2022-12-13 08:03:11'),
(34, '2022-12-12', 13, 1, '58', 'DTY 150/144', 'POLYESTER', '1514409', 47.00, 1551.00, 0.00, '@33', '2022-12-12 07:46:09', '2022-12-13 08:04:45'),
(35, '2022-12-12', 11, 1, '88', 'DTY 150/96', 'POLYESTER', '246533', 841.00, 27753.00, 0.00, '@33', '2022-12-12 07:47:26', '2022-12-13 08:05:44'),
(36, '2022-12-12', 13, 1, '25', 'DTY 75/36', 'POLYESTER', 'A1179', 126.00, 4158.00, 0.00, '@ 33', '2022-12-12 07:50:24', '2022-12-13 08:07:11'),
(37, '2022-12-12', 13, 1, '25', 'DTY 75/144', 'POLYESTER', 'A1192', 202.00, 6666.00, 0.00, '@33', '2022-12-12 07:54:38', '2022-12-13 08:08:00'),
(38, '2022-12-12', 14, 1, '87', 'SDY 75/36', 'POLYESTER', '711164', 3.00, 1512.00, 0.00, '@ 504 Kg', '2022-12-12 07:56:41', '2022-12-13 08:08:50'),
(39, '2022-12-12', 14, 1, '87', 'DTY 100/48', 'POLYESTER', '46290100', 6.00, 120.00, 0.00, NULL, '2022-12-12 07:57:59', '2022-12-14 06:14:08'),
(40, '2022-12-12', 14, 1, '22', 'DTY 100/96', 'POLYESTER', '4P1056100', 44.00, 1320.00, 0.00, '@ 30', '2022-12-13 07:57:35', '2022-12-13 08:09:57'),
(45, '2022-12-12', 1, 1, '068/BNG-JJSW/XII/22', 'PE  30', 'COTTON', '11222', 198.00, 6003.60, 33.09, 'Non Std', '2022-12-14 09:14:03', '2022-12-14 09:14:03');

--
-- Dumping data for table `pengiriman_benang`
--

INSERT INTO `pengiriman_benang` (`id`, `id_rajut`, `tanggal`, `SJ`, `tipe_benang`, `id_supplier`, `jenis_benang`, `LOT`, `BOX_KRG`, `KG`, `BALE`, `keterangan`, `created_at`, `updated_at`) VALUES
(5, 1, '2022-12-12', '12/XII/2022', 'COTTON', 1, 'PE 30', '11222', 60.00, 1819.13, 10.03, 'NON STD', '2022-12-13 09:02:00', '2022-12-13 09:02:00'),
(6, 2, '2022-12-12', '12/XII/2022', 'COTTON', 16, 'PE 30', '31621.09', 40.00, 1209.60, 3.33, '@ 30.24', '2022-12-13 09:04:24', '2022-12-13 09:04:24'),
(7, 2, '2022-12-12', '13/XII/2022', 'COTTON', 1, 'TCM 28', '54-SP4', 20.00, 604.80, 3.33, NULL, '2022-12-13 09:06:05', '2022-12-13 09:06:05');

--
-- Dumping data for table `permissions`
--

INSERT INTO `permissions` (`id`, `name`, `guard_name`, `created_at`, `updated_at`) VALUES
(1, 'supbenang-list', 'web', '2022-12-09 01:38:35', '2022-12-09 01:38:35'),
(2, 'supbenang-create', 'web', '2022-12-09 01:38:35', '2022-12-09 01:38:35'),
(3, 'supbenang-edit', 'web', '2022-12-09 01:38:35', '2022-12-09 01:38:35'),
(4, 'supbenang-delete', 'web', '2022-12-09 01:38:35', '2022-12-09 01:38:35'),
(5, 'BPBbenang-list', 'web', '2022-12-09 01:38:35', '2022-12-09 01:38:35'),
(6, 'BPBbenang-create', 'web', '2022-12-09 01:38:35', '2022-12-09 01:38:35'),
(7, 'BPBbenang-edit', 'web', '2022-12-09 01:38:35', '2022-12-09 01:38:35'),
(8, 'BPBbenang-delete', 'web', '2022-12-09 01:38:35', '2022-12-09 01:38:35'),
(9, 'gudangjadi-list', 'web', '2022-12-09 01:38:35', '2022-12-09 01:38:35'),
(10, 'gudangjadi-create', 'web', '2022-12-09 01:38:35', '2022-12-09 01:38:35'),
(11, 'gudangjadi-edit', 'web', '2022-12-09 01:38:36', '2022-12-09 01:38:36'),
(12, 'gudangjadi-delete', 'web', '2022-12-09 01:38:36', '2022-12-09 01:38:36'),
(13, 'benang-list', 'web', '2022-12-09 01:38:36', '2022-12-09 01:38:36'),
(14, 'benang-create', 'web', '2022-12-09 01:38:36', '2022-12-09 01:38:36'),
(15, 'benang-edit', 'web', '2022-12-09 01:38:36', '2022-12-09 01:38:36'),
(16, 'benang-delete', 'web', '2022-12-09 01:38:36', '2022-12-09 01:38:36'),
(17, 'obenang-list', 'web', '2022-12-09 01:38:36', '2022-12-09 01:38:36'),
(18, 'obenang-create', 'web', '2022-12-09 01:38:36', '2022-12-09 01:38:36'),
(19, 'obenang-edit', 'web', '2022-12-09 01:38:36', '2022-12-09 01:38:36'),
(20, 'obenang-delete', 'web', '2022-12-09 01:38:36', '2022-12-09 01:38:36'),
(21, 'masterbenang-list', 'web', '2022-12-09 01:38:36', '2022-12-09 01:38:36'),
(22, 'masterbenang-create', 'web', '2022-12-09 01:38:36', '2022-12-09 01:38:36'),
(23, 'masterbenang-edit', 'web', '2022-12-09 01:38:36', '2022-12-09 01:38:36'),
(24, 'masterbenang-delete', 'web', '2022-12-09 01:38:36', '2022-12-09 01:38:36'),
(25, 'user-list', 'web', '2022-12-09 01:38:36', '2022-12-09 01:38:36'),
(26, 'user-create', 'web', '2022-12-09 01:38:36', '2022-12-09 01:38:36'),
(27, 'user-edit', 'web', '2022-12-09 01:38:36', '2022-12-09 01:38:36'),
(28, 'user-delete', 'web', '2022-12-09 01:38:36', '2022-12-09 01:38:36'),
(29, 'role-list', 'web', '2022-12-09 01:38:36', '2022-12-09 01:38:36'),
(30, 'role-create', 'web', '2022-12-09 01:38:36', '2022-12-09 01:38:36'),
(31, 'role-edit', 'web', '2022-12-09 01:38:36', '2022-12-09 01:38:36'),
(32, 'role-delete', 'web', '2022-12-09 01:38:36', '2022-12-09 01:38:36'),
(33, 'KOP-list', 'web', '2022-12-28 15:33:39', '2022-12-28 15:33:39'),
(34, 'KOP-create', 'web', '2022-12-28 15:33:39', '2022-12-28 15:33:39'),
(35, 'KOP-edit', 'web', '2022-12-28 15:33:39', '2022-12-28 15:33:39'),
(36, 'KOP-delete', 'web', '2022-12-28 15:33:39', '2022-12-28 15:33:39'),
(37, 'customerkain-list', 'web', '2022-12-28 15:33:39', '2022-12-28 15:33:39'),
(38, 'customerkain-create', 'web', '2022-12-28 15:33:39', '2022-12-28 15:33:39'),
(39, 'customerkain-edit', 'web', '2022-12-28 15:33:39', '2022-12-28 15:33:39'),
(40, 'customerkain-delete', 'web', '2022-12-28 15:33:39', '2022-12-28 15:33:39'),
(41, 'GJstock-list', 'web', '2022-12-28 15:33:39', '2022-12-28 15:33:39'),
(42, 'GJstock-create', 'web', '2022-12-28 15:33:39', '2022-12-28 15:33:39'),
(43, 'GJstock-edit', 'web', '2022-12-28 15:33:39', '2022-12-28 15:33:39'),
(44, 'GJstock-delete', 'web', '2022-12-28 15:33:39', '2022-12-28 15:33:39'),
(45, 'rajut-list', 'web', '2022-12-28 15:33:39', '2022-12-28 15:33:39'),
(46, 'rajut-create', 'web', '2022-12-28 15:33:39', '2022-12-28 15:33:39'),
(47, 'rajut-edit', 'web', '2022-12-28 15:33:39', '2022-12-28 15:33:39'),
(48, 'rajut-delete', 'web', '2022-12-28 15:33:39', '2022-12-28 15:33:39'),
(49, 'invoicebenang-list', 'web', '2022-12-28 15:33:39', '2022-12-28 15:33:39'),
(50, 'invoicebenang-create', 'web', '2022-12-28 15:33:39', '2022-12-28 15:33:39'),
(51, 'invoicebenang-edit', 'web', '2022-12-28 15:33:39', '2022-12-28 15:33:39'),
(52, 'invoicebenang-delete', 'web', '2022-12-28 15:33:39', '2022-12-28 15:33:39');

--
-- Dumping data for table `rajut`
--

INSERT INTO `rajut` (`id`, `nama_rajut`, `saldo`, `created_at`, `updated_at`) VALUES
(1, 'RAJUT 1', '0.00', NULL, NULL),
(2, 'RAJUT 2', '0.00', NULL, NULL),
(3, 'KNITING POLYESTER', '0.00', NULL, NULL),
(4, 'KOKET', '0.00', NULL, NULL);

--
-- Dumping data for table `roles`
--

INSERT INTO `roles` (`id`, `name`, `guard_name`, `created_at`, `updated_at`) VALUES
(1, 'Admin', 'web', '2022-12-09 01:39:24', '2022-12-09 01:39:24'),
(2, 'operator', 'web', '2022-12-09 02:31:05', '2022-12-09 02:31:05'),
(3, 'Purchasing', 'web', '2022-12-09 03:06:06', '2022-12-09 03:06:06'),
(4, 'operatorbenang', 'web', '2022-12-12 03:34:51', '2022-12-12 03:34:51');

--
-- Dumping data for table `role_has_permissions`
--

INSERT INTO `role_has_permissions` (`permission_id`, `role_id`) VALUES
(1, 1),
(2, 1),
(3, 1),
(4, 1),
(5, 1),
(6, 1),
(7, 1),
(8, 1),
(9, 1),
(10, 1),
(11, 1),
(12, 1),
(13, 1),
(14, 1),
(15, 1),
(16, 1),
(17, 1),
(18, 1),
(19, 1),
(20, 1),
(21, 1),
(22, 1),
(23, 1),
(24, 1),
(25, 1),
(26, 1),
(27, 1),
(28, 1),
(29, 1),
(30, 1),
(31, 1),
(32, 1),
(33, 1),
(34, 1),
(35, 1),
(36, 1),
(37, 1),
(38, 1),
(39, 1),
(40, 1),
(41, 1),
(42, 1),
(43, 1),
(44, 1),
(45, 1),
(46, 1),
(47, 1),
(48, 1),
(49, 1),
(50, 1),
(51, 1),
(52, 1),
(1, 2),
(2, 2),
(5, 2),
(9, 2),
(10, 2),
(13, 2),
(14, 2),
(17, 2),
(18, 2),
(21, 2),
(22, 2),
(1, 3),
(2, 3),
(3, 3),
(4, 3),
(5, 3),
(6, 3),
(7, 3),
(9, 3),
(13, 3),
(17, 3),
(21, 3),
(1, 4),
(2, 4),
(3, 4),
(4, 4),
(5, 4),
(6, 4),
(7, 4),
(8, 4),
(13, 4),
(14, 4),
(15, 4),
(16, 4),
(17, 4),
(18, 4),
(19, 4),
(20, 4),
(21, 4),
(22, 4),
(23, 4),
(24, 4);

--
-- Dumping data for table `supplier_benang`
--

INSERT INTO `supplier_benang` (`id`, `nama_supplier`, `saldo`, `hutang`, `keterangan`, `created_at`, `updated_at`) VALUES
(1, 'JESI JASON SURJA WIBOWO', '0.00', '0.00', NULL, '2022-12-09 03:06:38', '2022-12-13 07:43:24'),
(3, 'SAN STAR MANUNGGAL', '0.00', '0.00', NULL, '2022-12-09 03:07:30', '2022-12-13 07:50:49'),
(4, 'JESI JASON SURJA MAKMUR', '0.00', '0.00', NULL, '2022-12-09 03:07:57', '2022-12-13 07:50:56'),
(5, 'BAILU', '0.00', '0.00', NULL, '2022-12-09 03:08:29', '2022-12-13 07:51:02'),
(6, 'DELTA DUNIA TEKSTIL', '0.00', '0.00', NULL, '2022-12-09 03:09:24', '2022-12-13 07:51:12'),
(7, 'SINAR PANTJA DJAJA', '0.00', '0.00', NULL, '2022-12-09 03:09:53', '2022-12-13 07:51:24'),
(8, 'INDORAMA', '0.00', '0.00', NULL, '2022-12-09 03:10:17', '2022-12-13 07:51:34'),
(9, 'SULINDAMILLS', '0.00', '70000.00', NULL, '2022-12-09 03:10:45', '2022-12-13 07:51:41'),
(10, 'WIBOWO', '0.00', '0.00', NULL, '2022-12-09 03:11:06', '2022-12-13 07:51:50'),
(11, 'POLYFIN', '0.00', '0.00', NULL, '2022-12-09 03:11:23', '2022-12-13 07:51:59'),
(12, 'XIAMEN', '0.00', '0.00', NULL, '2022-12-09 03:11:39', '2022-12-14 01:25:27'),
(13, 'SHAOXING', '0.00', '0.00', NULL, '2022-12-09 03:12:01', '2022-12-14 01:25:39'),
(14, 'ASIA FASIFIC', '0.00', '0.00', NULL, '2022-12-09 03:12:18', '2022-12-14 01:25:47'),
(15, 'SPINMILLS INDAH INDUSTRY', '0.00', '0.00', NULL, '2022-12-12 03:46:26', '2022-12-14 01:26:34'),
(16, 'DHANAR MAS CONCERN', '0.00', '0.00', NULL, '2022-12-12 03:54:12', '2022-12-14 01:26:23'),
(17, 'KEWALRAM INDONESIA', '0.00', '0.00', NULL, '2022-12-12 03:57:35', '2022-12-14 01:26:15'),
(18, 'YUNIKO ASIA PRIMA', '0.00', '0.00', NULL, '2022-12-12 04:01:39', '2022-12-14 01:26:06'),
(19, 'MAODA', '0.00', '0.00', NULL, '2022-12-12 04:06:34', '2022-12-14 01:25:57'),
(20, 'POLYFIN', '0.00', '0.00', NULL, '2022-12-12 04:12:47', '2022-12-13 07:50:40');

--
-- Dumping data for table `users`
--

INSERT INTO `users` (`id`, `name`, `email`, `email_verified_at`, `password`, `remember_token`, `created_at`, `updated_at`) VALUES
(1, 'Ryan Hidayat', 'admin@gmail.com', NULL, '$2y$10$YFP7QCCraSAvy7v97Pi/De3n2RCt.yI1u2medMY0Z26YSAdV.0ynC', NULL, '2022-12-09 01:39:24', '2022-12-12 06:24:12'),
(2, 'operator', 'operator@gmail.com', NULL, '$2y$10$adDM9xvho1m68JeND3vK6e7q3BBVIQ6ZIKQYGn2EH4io/R2bllXJi', 'y9BtoefHyHftftIsI0rezLZs04fA2gNyFCpBvcwAIRXPAcBG6ZGT6WUB4F2X', '2022-12-09 04:11:09', '2022-12-12 03:35:34'),
(3, 'Purchasing', 'purchasing@gmail.com', NULL, '$2y$10$StM7zP222LNKK7NiYnroJ.U.LNSRAJR2QNFeATvFLUp6cAEOck1By', NULL, '2022-12-09 04:12:30', '2022-12-09 04:12:30');
COMMIT;

/*!40101 SET CHARACTER_SET_CLIENT=@OLD_CHARACTER_SET_CLIENT */;
/*!40101 SET CHARACTER_SET_RESULTS=@OLD_CHARACTER_SET_RESULTS */;
/*!40101 SET COLLATION_CONNECTION=@OLD_COLLATION_CONNECTION */;
